/* 1 - Tabela: estado_civil */
insert into estado_civil (id_estado_civil, tx_descricao) values (1, 'Solteiro');
insert into estado_civil (id_estado_civil, tx_descricao) values (2, 'Casado');
insert into estado_civil (id_estado_civil, tx_descricao) values (3, 'Divorciado');
insert into estado_civil (id_estado_civil, tx_descricao) values (4, 'Viúvo');

/* 2 - Tabela: zona */
insert into zona (id_zona, tx_nome) values (1, 'Zona Norte');
insert into zona (id_zona, tx_nome) values (2, 'Zona Sul');
insert into zona (id_zona, tx_nome) values (3, 'Zona Oeste');
insert into zona (id_zona, tx_nome) values (4, 'Zona Leste');
insert into zona (id_zona, tx_nome) values (5, 'Zona Centro-Oeste');
insert into zona (id_zona, tx_nome) values (6, 'Zona Centro-Sul');

/* 3 - Tabela: estado */
insert into estado (id_estado, tx_nome, tx_sigla) values (1, 'Acre', 'AC');
insert into estado (id_estado, tx_nome, tx_sigla) values (2, 'Alagoas', 'AL');
insert into estado (id_estado, tx_nome, tx_sigla) values (3, 'Amapá', 'AP');
insert into estado (id_estado, tx_nome, tx_sigla) values (4, 'Amazonas', 'AM');
insert into estado (id_estado, tx_nome, tx_sigla) values (5, 'Bahia', 'BA');
insert into estado (id_estado, tx_nome, tx_sigla) values (6, 'Ceará', 'CE');
insert into estado (id_estado, tx_nome, tx_sigla) values (7, 'Distrito Federal', 'DF');
insert into estado (id_estado, tx_nome, tx_sigla) values (8, 'Espírito Santo', 'ES');
insert into estado (id_estado, tx_nome, tx_sigla) values (9, 'Goiás', 'GO');
insert into estado (id_estado, tx_nome, tx_sigla) values (10, 'Maranhão', 'MA');
insert into estado (id_estado, tx_nome, tx_sigla) values (11, 'Mato Grosso', 'MT');
insert into estado (id_estado, tx_nome, tx_sigla) values (12, 'Mato Grosso do Sul', 'MS');
insert into estado (id_estado, tx_nome, tx_sigla) values (13, 'Minas Gerais', 'MG');
insert into estado (id_estado, tx_nome, tx_sigla) values (14, 'Par·', 'PA');
insert into estado (id_estado, tx_nome, tx_sigla) values (15, 'Paraíba', 'PB');
insert into estado (id_estado, tx_nome, tx_sigla) values (16, 'Paraná', 'PR');
insert into estado (id_estado, tx_nome, tx_sigla) values (17, 'Pernambuco', 'PE');
insert into estado (id_estado, tx_nome, tx_sigla) values (18, 'Piauí', 'PI');
insert into estado (id_estado, tx_nome, tx_sigla) values (19, 'Rio de Janeiro', 'RJ');
insert into estado (id_estado, tx_nome, tx_sigla) values (20, 'Rio Grande do Norte', 'RN');
insert into estado (id_estado, tx_nome, tx_sigla) values (21, 'Rio Grande do Sul', 'RS');
insert into estado (id_estado, tx_nome, tx_sigla) values (22, 'Rondônia', 'RO');
insert into estado (id_estado, tx_nome, tx_sigla) values (23, 'Roraima', 'RR');
insert into estado (id_estado, tx_nome, tx_sigla) values (24, 'Santa Catarina', 'SC');
insert into estado (id_estado, tx_nome, tx_sigla) values (25, 'São Paulo', 'SP');
insert into estado (id_estado, tx_nome, tx_sigla) values (26, 'Sergipe', 'SE');
insert into estado (id_estado, tx_nome, tx_sigla) values (27, 'Tocantins', 'TO');

/* 4 - Tabela: departamento */
insert into departamento (id_departamento, tx_nome) values (1, 'Administrativo');
insert into departamento (id_departamento, tx_nome) values (2, 'Tecnologia da Informação');
insert into departamento (id_departamento, tx_nome) values (3, 'Comercial');
insert into departamento (id_departamento, tx_nome) values (4, 'Diretoria');
insert into departamento (id_departamento, tx_nome) values (5, 'Estoque');
insert into departamento (id_departamento, tx_nome) values (6, 'Financeiro');
insert into departamento (id_departamento, tx_nome) values (7, 'Gerência');

/* 5 - Tabela: grupo_produto */
insert into grupo_produto (id_grupo_produto, tx_descricao, nb_comissao, nb_percentual_lucro) values (1, 'Alimentícios', 10, 25);
insert into grupo_produto (id_grupo_produto, tx_descricao, nb_comissao, nb_percentual_lucro) values (2, 'Bebidas', 10, 25);
insert into grupo_produto (id_grupo_produto, tx_descricao, nb_comissao, nb_percentual_lucro) values (3, 'Limpeza', 10, 25);
insert into grupo_produto (id_grupo_produto, tx_descricao, nb_comissao, nb_percentual_lucro) values (4, 'Materiais de Construção', 10, 25);
insert into grupo_produto (id_grupo_produto, tx_descricao, nb_comissao, nb_percentual_lucro) values (5, 'Eletrodomésticos', 10, 25);
insert into grupo_produto (id_grupo_produto, tx_descricao, nb_comissao, nb_percentual_lucro) values (6, 'Móveis', 10, 25);
insert into grupo_produto (id_grupo_produto, tx_descricao, nb_comissao, nb_percentual_lucro) values (7, 'Eletrônicos', 10, 25);

/* 6 - Tabela: cidade */

insert into cidade (id_cidade, id_estado, tx_nome) values (1, 1, 'Agua Clara');
insert into cidade (id_cidade, id_estado, tx_nome) values (2, 2, 'Alvorada do Norte');
insert into cidade (id_cidade, id_estado, tx_nome) values (3, 3, 'Aparacida do Rio Negro');
insert into cidade (id_cidade, id_estado, tx_nome) values (4, 4, 'Arrolho do Sal');
insert into cidade (id_cidade, id_estado, tx_nome) values (5, 5, 'Avelino Lopes');
insert into cidade (id_cidade, id_estado, tx_nome) values (6, 14, 'Auto alegre');
insert into cidade (id_cidade, id_estado, tx_nome) values (7, 15, 'Alvorada do sul');
insert into cidade (id_cidade, id_estado, tx_nome) values (8, 16, 'Angra do sul');
insert into cidade (id_cidade, id_estado, tx_nome) values (9, 17, 'Area branca');
insert into cidade (id_cidade, id_estado, tx_nome) values (10, 18, 'Arrolho do tigre');
insert into cidade (id_cidade, id_estado, tx_nome) values (11, 20, 'Boa FORMOSA');
insert into cidade (id_cidade, id_estado, tx_nome) values (12, 10, 'BACABEIRA');
insert into cidade (id_cidade, id_estado, tx_nome) values (13, 20, 'BACURI');
insert into cidade (id_cidade, id_estado, tx_nome) values (14, 27, 'Uberlândia');
insert into cidade (id_cidade, id_estado, tx_nome) values (15, 10, 'BACURITUBA');
insert into cidade (id_cidade, id_estado, tx_nome) values (16, 25, 'BADY BASSITT');
insert into cidade (id_cidade, id_estado, tx_nome) values (17, 13, 'BAEPENDI');
insert into cidade (id_cidade, id_estado, tx_nome) values (18, 21, 'BA');
insert into cidade (id_cidade, id_estado, tx_nome) values (19, 14, 'BAGRE');
insert into cidade (id_cidade, id_estado, tx_nome) values (20, 17, 'Boa DA TRAI');
insert into cidade (id_cidade, id_estado, tx_nome) values (21, 1, 'Cacarai');
insert into cidade (id_cidade, id_estado, tx_nome) values (23, 3, 'Cutias');
insert into cidade (id_cidade, id_estado, tx_nome) values (22, 2, 'Cacimbinha');
insert into cidade (id_cidade, id_estado, tx_nome) values (24, 4, 'Coari');
insert into cidade (id_cidade, id_estado, tx_nome) values (25, 5, 'Caem');
insert into cidade (id_cidade, id_estado, tx_nome) values (26, 6, 'Caridade');
insert into cidade (id_cidade, id_estado, tx_nome) values (27, 7, 'Cruseiro');
insert into cidade (id_cidade, id_estado, tx_nome) values (28, 8, 'Castelo');
insert into cidade (id_cidade, id_estado, tx_nome) values (29, 9, 'Cabeceiras');
insert into cidade (id_cidade, id_estado, tx_nome) values (30, 10, 'Caxias');
insert into cidade (id_cidade, id_estado, tx_nome) values (31, 5, 'Dário Meira');
insert into cidade (id_cidade, id_estado, tx_nome) values (32, 21, 'David Canabarro');
insert into cidade (id_cidade, id_estado, tx_nome) values (33, 13, 'Delfim Moreira');
insert into cidade (id_cidade, id_estado, tx_nome) values (34, 2, 'Delimiro Gouvea');
insert into cidade (id_cidade, id_estado, tx_nome) values (35, 18, 'Demerval Lobão');
insert into cidade (id_cidade, id_estado, tx_nome) values (36, 13, 'Desterro de Entre Rios');
insert into cidade (id_cidade, id_estado, tx_nome) values (37, 13, 'Desterro de Melo');
insert into cidade (id_cidade, id_estado, tx_nome) values (38, 21, 'Dezeseis de Novembro');
insert into cidade (id_cidade, id_estado, tx_nome) values (39, 16, 'Diamante do Norte');
insert into cidade (id_cidade, id_estado, tx_nome) values (40, 16, 'Diamante do Oeste');
insert into cidade (id_cidade, id_estado, tx_nome) values (41, 25, 'Eldorado');
insert into cidade (id_cidade, id_estado, tx_nome) values (42, 25, 'Elias Fausto');
insert into cidade (id_cidade, id_estado, tx_nome) values (43, 25, 'Elisiario');
insert into cidade (id_cidade, id_estado, tx_nome) values (44, 25, 'Embauba');
insert into cidade (id_cidade, id_estado, tx_nome) values (45, 25, 'Embu');
insert into cidade (id_cidade, id_estado, tx_nome) values (46, 25, 'Emilianopolis');
insert into cidade (id_cidade, id_estado, tx_nome) values (47, 25, 'Engenheiro Coelho');
insert into cidade (id_cidade, id_estado, tx_nome) values (48, 25, 'Estiva Gerbi');
insert into cidade (id_cidade, id_estado, tx_nome) values (49, 25, 'Estrela do Norte');
insert into cidade (id_cidade, id_estado, tx_nome) values (50, 25, 'Estrela do Oeste');
insert into cidade (id_cidade, id_estado, tx_nome) values (51, 24, 'FACHINAL DOS GUEDES');
insert into cidade (id_cidade, id_estado, tx_nome) values (52, 13, 'FARIA LEMOS');
insert into cidade (id_cidade, id_estado, tx_nome) values (53, 6, 'FARIAS BRITO');
insert into cidade (id_cidade, id_estado, tx_nome) values (54, 12, 'FATIMA DO SUL');
insert into cidade (id_cidade, id_estado, tx_nome) values (55, 13, 'FAZENDA NOVA');
insert into cidade (id_cidade, id_estado, tx_nome) values (56, 5, 'FEIRA DA MATA');
insert into cidade (id_cidade, id_estado, tx_nome) values (57, 2, 'FEIRA GRANDE');
insert into cidade (id_cidade, id_estado, tx_nome) values (58, 25, 'FLORA RICA');
insert into cidade (id_cidade, id_estado, tx_nome) values (59, 4, 'FONTE BOA');
insert into cidade (id_cidade, id_estado, tx_nome) values (60, 16, 'FOZ DO IGUA«U');
insert into cidade (id_cidade, id_estado, tx_nome) values (61, 1, 'Guaruj·');
insert into cidade (id_cidade, id_estado, tx_nome) values (62, 2, 'Goias');
insert into cidade (id_cidade, id_estado, tx_nome) values (63, 6, 'Guaramirim');
insert into cidade (id_cidade, id_estado, tx_nome) values (64, 5, 'Goiânia');
insert into cidade (id_cidade, id_estado, tx_nome) values (65, 4, 'Guaxupé');
insert into cidade (id_cidade, id_estado, tx_nome) values (66, 7, 'Gravataí');
insert into cidade (id_cidade, id_estado, tx_nome) values (67, 9, 'Garobapa');
insert into cidade (id_cidade, id_estado, tx_nome) values (68, 8, 'Guarulhos');
insert into cidade (id_cidade, id_estado, tx_nome) values (69, 10, 'Gramado');
insert into cidade (id_cidade, id_estado, tx_nome) values (70, 1, 'Garibalde');

/* 7 - Tabela: bairro */
insert into bairro (id_bairro, id_zona, id_cidade, id_estado, tx_nome) values (1, 1, 1, 1, 'Alegre');
insert into bairro (id_bairro, id_zona, id_cidade, id_estado, tx_nome) values (2, 2, 2, 2, 'Adrianopoles');
insert into bairro (id_bairro, id_zona, id_cidade, id_estado, tx_nome) values (3, 3, 3, 3, 'Água fria');
insert into bairro (id_bairro, id_zona, id_cidade, id_estado, tx_nome) values (4, 4, 4, 4, 'Anori');
insert into bairro (id_bairro, id_zona, id_cidade, id_estado, tx_nome) values (5, 5, 5, 5, 'Araci');
insert into bairro (id_bairro, id_zona, id_cidade, id_estado, tx_nome) values (6, 4, 6, 14, 'Agua santa');
insert into bairro (id_bairro, id_zona, id_cidade, id_estado, tx_nome) values (7, 5, 7, 15, 'Achieta');
insert into bairro (id_bairro, id_zona, id_cidade, id_estado, tx_nome) values (8, 4, 8, 16, 'Aracati');
insert into bairro (id_bairro, id_zona, id_cidade, id_estado, tx_nome) values (9, 5, 9, 17, 'Arapongas');
insert into bairro (id_bairro, id_zona, id_cidade, id_estado, tx_nome) values (10, 4, 10, 18, 'Aguaboa');
insert into bairro (id_bairro, id_zona, id_cidade, id_estado, tx_nome) values (11, 1, 11, 20, 'sao caetano');
insert into bairro (id_bairro, id_zona, id_cidade, id_estado, tx_nome) values (12, 2, 12, 10, 'sao vicente');
insert into bairro (id_bairro, id_zona, id_cidade, id_estado, tx_nome) values (13, 3, 13, 20, 'silvestre');
insert into bairro (id_bairro, id_zona, id_cidade, id_estado, tx_nome) values (14, 4, 14, 27, 'floripinas');
insert into bairro (id_bairro, id_zona, id_cidade, id_estado, tx_nome) values (15, 5, 15, 10, 'petropolis');
insert into bairro (id_bairro, id_zona, id_cidade, id_estado, tx_nome) values (16, 6, 16, 25, 'piorini');
insert into bairro (id_bairro, id_zona, id_cidade, id_estado, tx_nome) values (17, 4, 17, 13, 'almeida');
insert into bairro (id_bairro, id_zona, id_cidade, id_estado, tx_nome) values (18, 3, 18, 21, 'alvorada');
insert into bairro (id_bairro, id_zona, id_cidade, id_estado, tx_nome) values (19, 2, 19, 14, 'tijuca');
insert into bairro (id_bairro, id_zona, id_cidade, id_estado, tx_nome) values (20, 1, 20, 17, 'barra');
insert into bairro (id_bairro, id_zona, id_cidade, id_estado, tx_nome) values (21, 1, 21, 1, 'Cachoeirinha');
insert into bairro (id_bairro, id_zona, id_cidade, id_estado, tx_nome) values (22, 2, 22, 2, 'Colonia');
insert into bairro (id_bairro, id_zona, id_cidade, id_estado, tx_nome) values (23, 2, 23, 3, 'Cachoeirinha');
insert into bairro (id_bairro, id_zona, id_cidade, id_estado, tx_nome) values (24, 4, 24, 4, 'Colonia');
insert into bairro (id_bairro, id_zona, id_cidade, id_estado, tx_nome) values (25, 5, 25, 5, 'Cidade do Leste');
insert into bairro (id_bairro, id_zona, id_cidade, id_estado, tx_nome) values (26, 6, 26, 6, 'Campos Sales');
insert into bairro (id_bairro, id_zona, id_cidade, id_estado, tx_nome) values (27, 5, 27, 7, 'Canaã');
insert into bairro (id_bairro, id_zona, id_cidade, id_estado, tx_nome) values (28, 2, 28, 8, 'Chapada');
insert into bairro (id_bairro, id_zona, id_cidade, id_estado, tx_nome) values (29, 1, 29, 9, 'Ceasa');
insert into bairro (id_bairro, id_zona, id_cidade, id_estado, tx_nome) values (30, 2, 30, 10, 'Colonia Aleixo');
insert into bairro (id_bairro, id_zona, id_cidade, id_estado, tx_nome) values (31, 1, 31, 5, 'Del Castilho');
insert into bairro (id_bairro, id_zona, id_cidade, id_estado, tx_nome) values (32, 2, 32, 21, 'Deodoro');
insert into bairro (id_bairro, id_zona, id_cidade, id_estado, tx_nome) values (33, 3, 33, 13, 'Dom João');
insert into bairro (id_bairro, id_zona, id_cidade, id_estado, tx_nome) values (34, 4, 34, 2, 'Dom Fernandes');
insert into bairro (id_bairro, id_zona, id_cidade, id_estado, tx_nome) values (35, 5, 35, 18, 'Dunga');
insert into bairro (id_bairro, id_zona, id_cidade, id_estado, tx_nome) values (36, 1, 36, 13, 'Distrito');
insert into bairro (id_bairro, id_zona, id_cidade, id_estado, tx_nome) values (37, 2, 36, 13, 'Dorirval Junior');
insert into bairro (id_bairro, id_zona, id_cidade, id_estado, tx_nome) values (38, 3, 38, 21, 'Dez de Dezembro');
insert into bairro (id_bairro, id_zona, id_cidade, id_estado, tx_nome) values (39, 4, 39, 16, 'Deus me Deu');
insert into bairro (id_bairro, id_zona, id_cidade, id_estado, tx_nome) values (40, 5, 40, 16, 'Dias de Andrade');
insert into bairro (id_bairro, id_zona, id_cidade, id_estado, tx_nome) values (41, 1, 41, 25, 'TucuruvÌ');
insert into bairro (id_bairro, id_zona, id_cidade, id_estado, tx_nome) values (42, 1, 41, 25, 'Pirituba');
insert into bairro (id_bairro, id_zona, id_cidade, id_estado, tx_nome) values (43, 2, 42, 25, 'Pedreira');
insert into bairro (id_bairro, id_zona, id_cidade, id_estado, tx_nome) values (44, 2, 42, 25, 'Socorro');
insert into bairro (id_bairro, id_zona, id_cidade, id_estado, tx_nome) values (45, 3, 43, 25, 'Paroline');
insert into bairro (id_bairro, id_zona, id_cidade, id_estado, tx_nome) values (46, 3, 43, 25, 'Pilarzinho');
insert into bairro (id_bairro, id_zona, id_cidade, id_estado, tx_nome) values (47, 4, 44, 25, 'Umbar·');
insert into bairro (id_bairro, id_zona, id_cidade, id_estado, tx_nome) values (48, 4, 44, 25, 'Caximba');
insert into bairro (id_bairro, id_zona, id_cidade, id_estado, tx_nome) values (49, 5, 45, 25, 'Lindoia');
insert into bairro (id_bairro, id_zona, id_cidade, id_estado, tx_nome) values (50, 6, 46, 25, 'Porto');
insert into bairro (id_bairro, id_zona, id_cidade, id_estado, tx_nome) values (51, 3, 52, 13, 'iguatemi');
insert into bairro (id_bairro, id_zona, id_cidade, id_estado, tx_nome) values (52, 3, 51, 24, 'centro');
insert into bairro (id_bairro, id_zona, id_cidade, id_estado, tx_nome) values (55, 1, 53, 6, 'barro branco');
insert into bairro (id_bairro, id_zona, id_cidade, id_estado, tx_nome) values (53, 1, 53, 6, ' pato branco');
insert into bairro (id_bairro, id_zona, id_cidade, id_estado, tx_nome) values (54, 2, 58, 25, 'antares');
insert into bairro (id_bairro, id_zona, id_cidade, id_estado, tx_nome) values (56, 1, 56, 5, 'galenhas');
insert into bairro (id_bairro, id_zona, id_cidade, id_estado, tx_nome) values (57, 1, 57, 2, 'ponte raza');
insert into bairro (id_bairro, id_zona, id_cidade, id_estado, tx_nome) values (58, 1, 58, 25, 'lajeado');
insert into bairro (id_bairro, id_zona, id_cidade, id_estado, tx_nome) values (59, 1, 59, 4, 'amazonino');
insert into bairro (id_bairro, id_zona, id_cidade, id_estado, tx_nome) values (60, 1, 60, 16, 'barreirinha');
insert into bairro (id_bairro, id_zona, id_cidade, id_estado, tx_nome) values (61, 1, 61, 1, 'Galeo');
insert into bairro (id_bairro, id_zona, id_cidade, id_estado, tx_nome) values (62, 2, 61, 1, 'GÁVEA');
insert into bairro (id_bairro, id_zona, id_cidade, id_estado, tx_nome) values (63, 3, 61, 1, 'Glória');
insert into bairro (id_bairro, id_zona, id_cidade, id_estado, tx_nome) values (64, 4, 61, 1, 'GRAJA');
insert into bairro (id_bairro, id_zona, id_cidade, id_estado, tx_nome) values (65, 5, 61, 1, 'Guadalupe');
insert into bairro (id_bairro, id_zona, id_cidade, id_estado, tx_nome) values (66, 6, 65, 4, 'grande vitoria');
insert into bairro (id_bairro, id_zona, id_cidade, id_estado, tx_nome) values (67, 1, 65, 4, 'grande conquista');
insert into bairro (id_bairro, id_zona, id_cidade, id_estado, tx_nome) values (68, 2, 65, 4, 'grande familia');
insert into bairro (id_bairro, id_zona, id_cidade, id_estado, tx_nome) values (69, 3, 65, 4, 'grande circula');
insert into bairro (id_bairro, id_zona, id_cidade, id_estado, tx_nome) values (70, 4, 65, 4, 'gloria e gloria');


/* 8 - Tabela: fornecedor */
insert into fornecedor (id_fornecedor, id_bairro, tx_nome, tx_cnpj) values (1, 1, 'Abaga', '21085822000192');
insert into fornecedor (id_fornecedor, id_bairro, tx_nome, tx_cnpj) values (2, 11, 'Amazonia PC', '235654566');
insert into fornecedor (id_fornecedor, id_bairro, tx_nome, tx_cnpj) values (3, 3, 'COR E FORMA', '00015654545');
insert into fornecedor (id_fornecedor, id_bairro, tx_nome, tx_cnpj) values (4, 31, 'Distribuidora de Bebidas', '256585');
insert into fornecedor (id_fornecedor, id_bairro, tx_nome, tx_cnpj) values (5, 44, 'Souza M.C Ltda', '34276288000143');
insert into fornecedor (id_fornecedor, id_bairro, tx_nome, tx_cnpj) values (6, 54, 'City Lar', '758984876451');
insert into fornecedor (id_fornecedor, id_bairro, tx_nome, tx_cnpj) values (7, 61, 'Albuquerque', '6789431189');

/* 9 - Tabela: produto */
insert into produto (id_produto, id_grupo_produto, id_fornecedor, tx_nome, nb_preco_custo, nb_preco_venda, cs_status) values (1, 1, 1, 'Manteiga', 2.25, 3, 'A');
insert into produto (id_produto, id_grupo_produto, id_fornecedor, tx_nome, nb_preco_custo, nb_preco_venda, cs_status) values (2, 1, 1, 'Macarrão', 2, 2.5, 'D');
insert into produto (id_produto, id_grupo_produto, id_fornecedor, tx_nome, nb_preco_custo, nb_preco_venda, cs_status) values (3, 1, 1, 'Conserva', 1, 2.30, 'A');
insert into produto (id_produto, id_grupo_produto, id_fornecedor, tx_nome, nb_preco_custo, nb_preco_venda, cs_status) values (4, 1, 1, 'Ervilha', 3.25, 4, 'D');
insert into produto (id_produto, id_grupo_produto, id_fornecedor, tx_nome, nb_preco_custo, nb_preco_venda, cs_status) values (5, 1, 1, 'Maionese', 3.25, 3.50, 'A');
insert into produto (id_produto, id_grupo_produto, id_fornecedor, tx_nome, nb_preco_custo, nb_preco_venda, cs_status) values (6, 1, 1, 'arroz', 1.00, 1.20, 'A');
insert into produto (id_produto, id_grupo_produto, id_fornecedor, tx_nome, nb_preco_custo, nb_preco_venda, cs_status) values (7, 1, 1, 'feijao', 1.80, 2.30, 'D');
insert into produto (id_produto, id_grupo_produto, id_fornecedor, tx_nome, nb_preco_custo, nb_preco_venda, cs_status) values (8, 1, 1, 'farinha', 1.50, 2.00, 'A');
insert into produto (id_produto, id_grupo_produto, id_fornecedor, tx_nome, nb_preco_custo, nb_preco_venda, cs_status) values (9, 1, 1, 'sardinha', 1.25, 1.80, 'A');
insert into produto (id_produto, id_grupo_produto, id_fornecedor, tx_nome, nb_preco_custo, nb_preco_venda, cs_status) values (10, 1, 1, 'ovo', 0.10, 0.50, 'D');
insert into produto (id_produto, id_grupo_produto, id_fornecedor, tx_nome, nb_preco_custo, nb_preco_venda, cs_status) values (11, 2, 2, 'pitchula', 5, 6, 'A');
insert into produto (id_produto, id_grupo_produto, id_fornecedor, tx_nome, nb_preco_custo, nb_preco_venda, cs_status) values (12, 2, 2, 'cachaca 51', 2, 4, 'D');
insert into produto (id_produto, id_grupo_produto, id_fornecedor, tx_nome, nb_preco_custo, nb_preco_venda, cs_status) values (13, 2, 2, 'cachaca 61', 3, 8, 'A');
insert into produto (id_produto, id_grupo_produto, id_fornecedor, tx_nome, nb_preco_custo, nb_preco_venda, cs_status) values (14, 2, 2, 'coca cola', 2, 4, 'D');
insert into produto (id_produto, id_grupo_produto, id_fornecedor, tx_nome, nb_preco_custo, nb_preco_venda, cs_status) values (15, 2, 2, 'fanta laranja', 2, 4, 'A');
insert into produto (id_produto, id_grupo_produto, id_fornecedor, tx_nome, nb_preco_custo, nb_preco_venda, cs_status) values (16, 2, 2, 'fanta uva', 2, 4, 'D');
insert into produto (id_produto, id_grupo_produto, id_fornecedor, tx_nome, nb_preco_custo, nb_preco_venda, cs_status) values (17, 2, 2, 'bare', 1, 2, 'A');
insert into produto (id_produto, id_grupo_produto, id_fornecedor, tx_nome, nb_preco_custo, nb_preco_venda, cs_status) values (18, 2, 2, 'regente', 1, 2, 'D');
insert into produto (id_produto, id_grupo_produto, id_fornecedor, tx_nome, nb_preco_custo, nb_preco_venda, cs_status) values (19, 2, 2, 'whisky red label', 20, 40, 'A');
insert into produto (id_produto, id_grupo_produto, id_fornecedor, tx_nome, nb_preco_custo, nb_preco_venda, cs_status) values (20, 2, 2, 'whisky black label', 40, 80, 'D');
insert into produto (id_produto, id_grupo_produto, id_fornecedor, tx_nome, nb_preco_custo, nb_preco_venda, cs_status) values (21, 3, 3, 'Sabão', 30, 50, 'A');
insert into produto (id_produto, id_grupo_produto, id_fornecedor, tx_nome, nb_preco_custo, nb_preco_venda, cs_status) values (22, 3, 3, 'VASSOURA', 10, 15, 'D');
insert into produto (id_produto, id_grupo_produto, id_fornecedor, tx_nome, nb_preco_custo, nb_preco_venda, cs_status) values (23, 3, 3, 'AGUA SANITARIA', 6, 7, 'A');
insert into produto (id_produto, id_grupo_produto, id_fornecedor, tx_nome, nb_preco_custo, nb_preco_venda, cs_status) values (24, 3, 3, 'CERA', 30, 50, 'D');
insert into produto (id_produto, id_grupo_produto, id_fornecedor, tx_nome, nb_preco_custo, nb_preco_venda, cs_status) values (25, 3, 3, 'PAPEL HIGIENICO', 5, 6, 'A');
insert into produto (id_produto, id_grupo_produto, id_fornecedor, tx_nome, nb_preco_custo, nb_preco_venda, cs_status) values (26, 3, 3, 'PAPEL TOALHA', 15, 20, 'D');
insert into produto (id_produto, id_grupo_produto, id_fornecedor, tx_nome, nb_preco_custo, nb_preco_venda, cs_status) values (27, 3, 3, 'PANO DE CH¬O ', 4, 5, 'A');
insert into produto (id_produto, id_grupo_produto, id_fornecedor, tx_nome, nb_preco_custo, nb_preco_venda, cs_status) values (28, 3, 3, 'ESPANADOR', 10, 20, 'D');
insert into produto (id_produto, id_grupo_produto, id_fornecedor, tx_nome, nb_preco_custo, nb_preco_venda, cs_status) values (29, 3, 3, 'FLANELA', 1, 2, 'A');
insert into produto (id_produto, id_grupo_produto, id_fornecedor, tx_nome, nb_preco_custo, nb_preco_venda, cs_status) values (30, 3, 3, 'DETERGENTE', 6, 10, 'A');
insert into produto (id_produto, id_grupo_produto, id_fornecedor, tx_nome, nb_preco_custo, nb_preco_venda, cs_status) values (31, 4, 4, 'DVD', 90, 120, 'A');
insert into produto (id_produto, id_grupo_produto, id_fornecedor, tx_nome, nb_preco_custo, nb_preco_venda, cs_status) values (32, 4, 4, 'geladeira', 400, 420, 'D');
insert into produto (id_produto, id_grupo_produto, id_fornecedor, tx_nome, nb_preco_custo, nb_preco_venda, cs_status) values (33, 4, 4, 'fogao', 150, 190, 'A');
insert into produto (id_produto, id_grupo_produto, id_fornecedor, tx_nome, nb_preco_custo, nb_preco_venda, cs_status) values (34, 4, 4, 'maquina de lavar', 560, 600, 'D');
insert into produto (id_produto, id_grupo_produto, id_fornecedor, tx_nome, nb_preco_custo, nb_preco_venda, cs_status) values (35, 4, 4, 'Rádio', 650, 700, 'A');
insert into produto (id_produto, id_grupo_produto, id_fornecedor, tx_nome, nb_preco_custo, nb_preco_venda, cs_status) values (36, 4, 4, 'Liquidificador', 700, 750, 'D');
insert into produto (id_produto, id_grupo_produto, id_fornecedor, tx_nome, nb_preco_custo, nb_preco_venda, cs_status) values (37, 4, 4, 'cafeteira', 90, 120, 'A');
insert into produto (id_produto, id_grupo_produto, id_fornecedor, tx_nome, nb_preco_custo, nb_preco_venda, cs_status) values (38, 4, 4, 'batedeira', 90, 120, 'D');
insert into produto (id_produto, id_grupo_produto, id_fornecedor, tx_nome, nb_preco_custo, nb_preco_venda, cs_status) values (39, 4, 4, 'fritadeira', 90, 120, 'A');
insert into produto (id_produto, id_grupo_produto, id_fornecedor, tx_nome, nb_preco_custo, nb_preco_venda, cs_status) values (40, 4, 4, 'microondas', 90, 120, 'D');
insert into produto (id_produto, id_grupo_produto, id_fornecedor, tx_nome, nb_preco_custo, nb_preco_venda, cs_status) values (41, 5, 5, 'Telha de barro', 150.50, 190, 'A');
insert into produto (id_produto, id_grupo_produto, id_fornecedor, tx_nome, nb_preco_custo, nb_preco_venda, cs_status) values (42, 5, 5, 'Tijolo', 250, 300, 'D');
insert into produto (id_produto, id_grupo_produto, id_fornecedor, tx_nome, nb_preco_custo, nb_preco_venda, cs_status) values (43, 5, 5, 'Argamassa', 11.50, 14.30, 'A');
insert into produto (id_produto, id_grupo_produto, id_fornecedor, tx_nome, nb_preco_custo, nb_preco_venda, cs_status) values (44, 5, 5, 'Barro', 130, 150, 'A');
insert into produto (id_produto, id_grupo_produto, id_fornecedor, tx_nome, nb_preco_custo, nb_preco_venda, cs_status) values (45, 5, 5, 'Cimento', 24.40, 27.50, 'D');
insert into produto (id_produto, id_grupo_produto, id_fornecedor, tx_nome, nb_preco_custo, nb_preco_venda, cs_status) values (46, 5, 5, 'Areia', 230, 250, 'D');
insert into produto (id_produto, id_grupo_produto, id_fornecedor, tx_nome, nb_preco_custo, nb_preco_venda, cs_status) values (47, 5, 5, 'Chuveiro', 8.90, 10.50, 'A');
insert into produto (id_produto, id_grupo_produto, id_fornecedor, tx_nome, nb_preco_custo, nb_preco_venda, cs_status) values (48, 5, 5, 'Telha Brasilit', 12.10, 15.40, 'A');
insert into produto (id_produto, id_grupo_produto, id_fornecedor, tx_nome, nb_preco_custo, nb_preco_venda, cs_status) values (49, 5, 5, 'Tinta Suvinil', 22.30, 24.50, 'A');
insert into produto (id_produto, id_grupo_produto, id_fornecedor, tx_nome, nb_preco_custo, nb_preco_venda, cs_status) values (50, 5, 5, 'Azuleijo', 8.20, 9.60, 'D');
insert into produto (id_produto, id_grupo_produto, id_fornecedor, tx_nome, nb_preco_custo, nb_preco_venda, cs_status) values (51, 6, 6, 'Cama_Box', 305, 480, 'A');
insert into produto (id_produto, id_grupo_produto, id_fornecedor, tx_nome, nb_preco_custo, nb_preco_venda, cs_status) values (52, 6, 6, 'Roupeiro 3 portas', 159, 225, 'A');
insert into produto (id_produto, id_grupo_produto, id_fornecedor, tx_nome, nb_preco_custo, nb_preco_venda, cs_status) values (53, 6, 6, 'Mesa 4 cadeiras', 300, 600, 'A');
insert into produto (id_produto, id_grupo_produto, id_fornecedor, tx_nome, nb_preco_custo, nb_preco_venda, cs_status) values (54, 6, 6, 'Mesa marmore 6 cadeiras', 500, 600, 'A');
insert into produto (id_produto, id_grupo_produto, id_fornecedor, tx_nome, nb_preco_custo, nb_preco_venda, cs_status) values (55, 6, 6, 'Armario cozinha', 990, 150, 'A');
insert into produto (id_produto, id_grupo_produto, id_fornecedor, tx_nome, nb_preco_custo, nb_preco_venda, cs_status) values (56, 6, 6, 'Cadeira papai', 59, 120, 'A');
insert into produto (id_produto, id_grupo_produto, id_fornecedor, tx_nome, nb_preco_custo, nb_preco_venda, cs_status) values (57, 6, 6, 'Poltrona simples', 100, 199, 'A');
insert into produto (id_produto, id_grupo_produto, id_fornecedor, tx_nome, nb_preco_custo, nb_preco_venda, cs_status) values (58, 6, 6, 'Sof·', 300, 700, 'A');
insert into produto (id_produto, id_grupo_produto, id_fornecedor, tx_nome, nb_preco_custo, nb_preco_venda, cs_status) values (59, 6, 6, 'Penteadeira 4 gavetas', 140, 200, 'A');
insert into produto (id_produto, id_grupo_produto, id_fornecedor, tx_nome, nb_preco_custo, nb_preco_venda, cs_status) values (60, 6, 6, 'Sofá 3 Lugares', 300, 600, 'A');
insert into produto (id_produto, id_grupo_produto, id_fornecedor, tx_nome, nb_preco_custo, nb_preco_venda, cs_status) values (61, 7, 7, 'Celular', 490.0, 600.00, 'A');
insert into produto (id_produto, id_grupo_produto, id_fornecedor, tx_nome, nb_preco_custo, nb_preco_venda, cs_status) values (62, 7, 7, 'TV Plasma', 2.000, 2500.0, 'A');
insert into produto (id_produto, id_grupo_produto, id_fornecedor, tx_nome, nb_preco_custo, nb_preco_venda, cs_status) values (63, 7, 7, 'Roteador', 100.0, 125.0, 'D');
insert into produto (id_produto, id_grupo_produto, id_fornecedor, tx_nome, nb_preco_custo, nb_preco_venda, cs_status) values (64, 7, 7, 'GPS', 1.000, 1500.0, 'A');
insert into produto (id_produto, id_grupo_produto, id_fornecedor, tx_nome, nb_preco_custo, nb_preco_venda, cs_status) values (65, 7, 7, 'TV LCD', 3.000, 3500.0, 'D');
insert into produto (id_produto, id_grupo_produto, id_fornecedor, tx_nome, nb_preco_custo, nb_preco_venda, cs_status) values (66, 7, 7, 'PC', 4.000, 4500.0, 'A');
insert into produto (id_produto, id_grupo_produto, id_fornecedor, tx_nome, nb_preco_custo, nb_preco_venda, cs_status) values (67, 7, 7, 'DVD', 270.0, 300.0, 'A');
insert into produto (id_produto, id_grupo_produto, id_fornecedor, tx_nome, nb_preco_custo, nb_preco_venda, cs_status) values (68, 7, 7, 'Memoria Ram', 240.0, 300.0, 'D');
insert into produto (id_produto, id_grupo_produto, id_fornecedor, tx_nome, nb_preco_custo, nb_preco_venda, cs_status) values (69, 7, 7, 'Camera Fotografica', 400.0, 4500.0, 'A');
insert into produto (id_produto, id_grupo_produto, id_fornecedor, tx_nome, nb_preco_custo, nb_preco_venda, cs_status) values (70, 7, 7, 'Placa de Video', 200.0, 334.0, 'A');



/* 10 - Tabela: funcionario */
insert into funcionario (id_funcionario, id_departamento, id_estado_civil, id_funcionario_gerente, tx_nome, nb_salario, tx_login, tx_senha, dt_admissao, dt_nascimento) values (1, 1, 1, null, 'Aureliano Neves', 5500, 'aurelix', 122554, '2009-05-21', '1992-10-05' );
insert into funcionario (id_funcionario, id_departamento, id_estado_civil, id_funcionario_gerente, tx_nome, nb_salario, tx_login, tx_senha, dt_admissao, dt_nascimento) values (2, 1, 2, null, 'Adriano Santos', 5500, 'adri123', 65783, '2007-12-01', '1991-11-14' );
insert into funcionario (id_funcionario, id_departamento, id_estado_civil, id_funcionario_gerente, tx_nome, nb_salario, tx_login, tx_senha, dt_admissao, dt_nascimento) values (3, 1, 3, null, 'Armando Nascimento', 5500, 'armandr', 45531, '2010-01-11', '1989-11-02' );
insert into funcionario (id_funcionario, id_departamento, id_estado_civil, id_funcionario_gerente, tx_nome, nb_salario, tx_login, tx_senha, dt_admissao, dt_nascimento) values (4, 1, 4, null, 'Amarildo Nunes', 5500, 'amarild123', 45789, '2011-05-13', '1988-06-19' );
insert into funcionario (id_funcionario, id_departamento, id_estado_civil, id_funcionario_gerente, tx_nome, nb_salario, tx_login, tx_senha, dt_admissao, dt_nascimento) values (5, 1, 4, 1, 'Amanda Nogueira', 5500, 'amand123', 25643, '2010-02-15', '1985-07-16' );
insert into funcionario (id_funcionario, id_departamento, id_estado_civil, id_funcionario_gerente, tx_nome, nb_salario, tx_login, tx_senha, dt_admissao, dt_nascimento) values (6, 1, 1, 3, 'Amancio Picoli', 5500, 'amanc123', 321654, '2002-03-03', '1969-09-02' );
insert into funcionario (id_funcionario, id_departamento, id_estado_civil, id_funcionario_gerente, tx_nome, nb_salario, tx_login, tx_senha, dt_admissao, dt_nascimento) values (7, 1, 2, null, 'Aziraldo Chavier', 5500, 'azirald123', 456123, '2001-08-09', '1993-11-05' );
insert into funcionario (id_funcionario, id_departamento, id_estado_civil, id_funcionario_gerente, tx_nome, nb_salario, tx_login, tx_senha, dt_admissao, dt_nascimento) values (8, 1, 3, 1, 'Antonio Fragoso', 5500, 'anton123', 998833, '2005-04-23', '1984-11-20' );
insert into funcionario (id_funcionario, id_departamento, id_estado_civil, id_funcionario_gerente, tx_nome, nb_salario, tx_login, tx_senha, dt_admissao, dt_nascimento) values (9, 1, 2, 4, 'Antonio Conselheiro', 5500, 'anton1234', 785447, '2011-09-08', '1990-02-09' );
insert into funcionario (id_funcionario, id_departamento, id_estado_civil, id_funcionario_gerente, tx_nome, nb_salario, tx_login, tx_senha, dt_admissao, dt_nascimento) values (10, 1, 1, null, 'Anselmo Gomes', 5500, 'anselm123', 91975, '2001-11-25', '1975-01-01' );
insert into funcionario (id_funcionario, id_departamento, id_estado_civil, id_funcionario_gerente, tx_nome, nb_salario, tx_login, tx_senha, dt_admissao, dt_nascimento) values (11, 2, 1, null, 'Anderson Silva', 1110, 'silva', 'silva', '2009-05-11', '2012-06-01');
insert into funcionario (id_funcionario, id_departamento, id_estado_civil, id_funcionario_gerente, tx_nome, nb_salario, tx_login, tx_senha, dt_admissao, dt_nascimento) values (12, 2, 1, 11, 'Levy Saraiva', 10012, 'saraiva', 'saraiva', '2010-05-12', '2012-06-01');
insert into funcionario (id_funcionario, id_departamento, id_estado_civil, id_funcionario_gerente, tx_nome, nb_salario, tx_login, tx_senha, dt_admissao, dt_nascimento) values (13, 2, 1, 11, 'Milena Moras', 22000, 'moras', 'moras', '2008-05-13', '2012-06-01');
insert into funcionario (id_funcionario, id_departamento, id_estado_civil, id_funcionario_gerente, tx_nome, nb_salario, tx_login, tx_senha, dt_admissao, dt_nascimento) values (14, 2, 1, 11, 'Marcos Lobo', 120, 'lobo', 'lobo', '2007-05-14', '2012-06-01');
insert into funcionario (id_funcionario, id_departamento, id_estado_civil, id_funcionario_gerente, tx_nome, nb_salario, tx_login, tx_senha, dt_admissao, dt_nascimento) values (15, 2, 1, 11, 'kelly Lainny', 5560, 'lainny', 'lainny', '2007-05-15', '2012-06-01');
insert into funcionario (id_funcionario, id_departamento, id_estado_civil, id_funcionario_gerente, tx_nome, nb_salario, tx_login, tx_senha, dt_admissao, dt_nascimento) values (16, 2, 1, 11, 'Maria Antonia', 1540, 'antonio', 'antonio', '2006-05-16', '2012-06-01');
insert into funcionario (id_funcionario, id_departamento, id_estado_civil, id_funcionario_gerente, tx_nome, nb_salario, tx_login, tx_senha, dt_admissao, dt_nascimento) values (17, 2, 1, 11, 'Anjela Silva', 2200, 'anjela', 'anjela', '2005-05-17', '2012-06-01');
insert into funcionario (id_funcionario, id_departamento, id_estado_civil, id_funcionario_gerente, tx_nome, nb_salario, tx_login, tx_senha, dt_admissao, dt_nascimento) values (18, 2, 1, 11, 'Juliano Moras', 1200, 'ju', 'ju', '2004-05-18', '2012-06-01');
insert into funcionario (id_funcionario, id_departamento, id_estado_civil, id_funcionario_gerente, tx_nome, nb_salario, tx_login, tx_senha, dt_admissao, dt_nascimento) values (19, 2, 1, 11, 'Marcos Luck', 6000, 'luck', 'luck', '2001-05-19', '2012-06-01');
insert into funcionario (id_funcionario, id_departamento, id_estado_civil, id_funcionario_gerente, tx_nome, nb_salario, tx_login, tx_senha, dt_admissao, dt_nascimento) values (20, 2, 1, 11, 'Luiz Inacio', 13540, 'inacio', 'inacio', '2000-05-01', '2012-06-01');
insert into funcionario (id_funcionario, id_departamento, id_estado_civil, id_funcionario_gerente, tx_nome, nb_salario, tx_login, tx_senha, dt_admissao, dt_nascimento) values (21, 3, 1, 21, 'Carlos boolen', 600, '123', 2255, '2011-02-05', '1980-02-10');
insert into funcionario (id_funcionario, id_departamento, id_estado_civil, id_funcionario_gerente, tx_nome, nb_salario, tx_login, tx_senha, dt_admissao, dt_nascimento) values (22, 3, 1, 21, 'Cassio', 1000, '56', 255, '2011-02-05', '1980-02-05');
insert into funcionario (id_funcionario, id_departamento, id_estado_civil, id_funcionario_gerente, tx_nome, nb_salario, tx_login, tx_senha, dt_admissao, dt_nascimento) values (23, 3, 1, 21, 'Ceara', 500, '12', 568, '2011-02-05', '1980-06-12');
insert into funcionario (id_funcionario, id_departamento, id_estado_civil, id_funcionario_gerente, tx_nome, nb_salario, tx_login, tx_senha, dt_admissao, dt_nascimento) values (24, 3, 1, 21, 'Caca', 600, '2548', 2255, '2011-06-05', '1980-05-13');
insert into funcionario (id_funcionario, id_departamento, id_estado_civil, id_funcionario_gerente, tx_nome, nb_salario, tx_login, tx_senha, dt_admissao, dt_nascimento) values (25, 3, 1, 21, 'Carlos aguiar ', 300, '1', 2235, '2011-02-05', '1980-06-22');
insert into funcionario (id_funcionario, id_departamento, id_estado_civil, id_funcionario_gerente, tx_nome, nb_salario, tx_login, tx_senha, dt_admissao, dt_nascimento) values (26, 3, 1, 21, 'Cirilo', 5000, '789', 11224, '2011-05-05', '1980-08-25');
insert into funcionario (id_funcionario, id_departamento, id_estado_civil, id_funcionario_gerente, tx_nome, nb_salario, tx_login, tx_senha, dt_admissao, dt_nascimento) values (27, 3, 1, 21, 'Carlos daniel', 600, '2010', 2255, '2011-02-05', '1980-02-05');
insert into funcionario (id_funcionario, id_departamento, id_estado_civil, id_funcionario_gerente, tx_nome, nb_salario, tx_login, tx_senha, dt_admissao, dt_nascimento) values (28, 3, 1, 21, 'Carlos novaes', 5000, '256', 4457, '2011-02-09', '1980-10-04');
insert into funcionario (id_funcionario, id_departamento, id_estado_civil, id_funcionario_gerente, tx_nome, nb_salario, tx_login, tx_senha, dt_admissao, dt_nascimento) values (29, 3, 1, 21, 'Cintia', 100, '258', 568, '2011-07-20', '1980-12-05');
insert into funcionario (id_funcionario, id_departamento, id_estado_civil, id_funcionario_gerente, tx_nome, nb_salario, tx_login, tx_senha, dt_admissao, dt_nascimento) values (30, 3, 1, 21, 'cicilia', 800, '24587', 789, '2011-06-11', '1980-10-01');
insert into funcionario (id_funcionario, id_departamento, id_estado_civil, id_funcionario_gerente, tx_nome, nb_salario, tx_login, tx_senha, dt_admissao, dt_nascimento) values (31, 4, 1, null, 'Demortes', 500, 'gato', '123', '01/02/2005', '02/03/1980');
insert into funcionario (id_funcionario, id_departamento, id_estado_civil, id_funcionario_gerente, tx_nome, nb_salario, tx_login, tx_senha, dt_admissao, dt_nascimento) values (32, 4, 2, null, 'Dennis', 600, 'tigre', '123', '02/03/2005', '02/03/1981');
insert into funcionario (id_funcionario, id_departamento, id_estado_civil, id_funcionario_gerente, tx_nome, nb_salario, tx_login, tx_senha, dt_admissao, dt_nascimento) values (33, 4, 3, null, 'Diego', 700, 'cachorro', '123', '03/09/2002', '02/03/1982');
insert into funcionario (id_funcionario, id_departamento, id_estado_civil, id_funcionario_gerente, tx_nome, nb_salario, tx_login, tx_senha, dt_admissao, dt_nascimento) values (34, 4, 4, null, 'Darla', 800, 'macaco', '123', '04/08/2003', '02/03/1983');
insert into funcionario (id_funcionario, id_departamento, id_estado_civil, id_funcionario_gerente, tx_nome, nb_salario, tx_login, tx_senha, dt_admissao, dt_nascimento) values (35, 4, 1, null, 'Deborah', 900, 'zebra', '123', '05/07/2004', '02/03/1979');
insert into funcionario (id_funcionario, id_departamento, id_estado_civil, id_funcionario_gerente, tx_nome, nb_salario, tx_login, tx_senha, dt_admissao, dt_nascimento) values (36, 4, 2, null, 'Deise', 1000, 'lagarto', '123', '06/06/2000', '02/03/1978');
insert into funcionario (id_funcionario, id_departamento, id_estado_civil, id_funcionario_gerente, tx_nome, nb_salario, tx_login, tx_senha, dt_admissao, dt_nascimento) values (37, 4, 3, null, 'Denise', 500, 'cobra', '123', '06/05/2001', '02/03/1977');
insert into funcionario (id_funcionario, id_departamento, id_estado_civil, id_funcionario_gerente, tx_nome, nb_salario, tx_login, tx_senha, dt_admissao, dt_nascimento) values (38, 4, 4, null, 'Diogo', 600, 'leao', '123', '07/04/2002', '02/03/1976');
insert into funcionario (id_funcionario, id_departamento, id_estado_civil, id_funcionario_gerente, tx_nome, nb_salario, tx_login, tx_senha, dt_admissao, dt_nascimento) values (39, 4, 1, null, 'Daniel', 700, 'passaro', '123', '01/02/2005', '02/03/1986');
insert into funcionario (id_funcionario, id_departamento, id_estado_civil, id_funcionario_gerente, tx_nome, nb_salario, tx_login, tx_senha, dt_admissao, dt_nascimento) values (40, 4, 2, null, 'Dunga', 800, 'inseto', '123', '01/03/2006', '02/03/1987');
insert into funcionario (id_funcionario, id_departamento, id_estado_civil, id_funcionario_gerente, tx_nome, nb_salario, tx_login, tx_senha, dt_admissao, dt_nascimento) values (41, 5, 1, 41, 'Elkson', 6000, 'elk', '1235', '2011-09-02', '1984-06-13');
insert into funcionario (id_funcionario, id_departamento, id_estado_civil, id_funcionario_gerente, tx_nome, nb_salario, tx_login, tx_senha, dt_admissao, dt_nascimento) values (42, 5, 1, 42, 'Ellen', 1500, 'ell', '1234', '2011-09-03', '1984-08-13');
insert into funcionario (id_funcionario, id_departamento, id_estado_civil, id_funcionario_gerente, tx_nome, nb_salario, tx_login, tx_senha, dt_admissao, dt_nascimento) values (43, 5, 1, 43, 'Elisio', 2000, 'eli', '1223', '2011-06-01', '1982-02-10');
insert into funcionario (id_funcionario, id_departamento, id_estado_civil, id_funcionario_gerente, tx_nome, nb_salario, tx_login, tx_senha, dt_admissao, dt_nascimento) values (44, 5, 1, 44, 'Elza', 3500, 'elz', '1212', '2011-08-02', '1980-08-26');
insert into funcionario (id_funcionario, id_departamento, id_estado_civil, id_funcionario_gerente, tx_nome, nb_salario, tx_login, tx_senha, dt_admissao, dt_nascimento) values (45, 5, 1, 45, 'Edite', 2000, 'edi', '321', '2011-07-15', '1983-01-24');
insert into funcionario (id_funcionario, id_departamento, id_estado_civil, id_funcionario_gerente, tx_nome, nb_salario, tx_login, tx_senha, dt_admissao, dt_nascimento) values (46, 5, 1, 46, 'Ester', 2500, 'est', '12356', '2011-09-02', '1986-06-13');
insert into funcionario (id_funcionario, id_departamento, id_estado_civil, id_funcionario_gerente, tx_nome, nb_salario, tx_login, tx_senha, dt_admissao, dt_nascimento) values (47, 5, 1, 47, 'Edna', 1500, 'edn', '1234', '2011-09-03', '1984-06-13');
insert into funcionario (id_funcionario, id_departamento, id_estado_civil, id_funcionario_gerente, tx_nome, nb_salario, tx_login, tx_senha, dt_admissao, dt_nascimento) values (48, 5, 1, 48, 'Eder', 2000, 'ede', '1222', '2011-06-01', '1980-02-10');
insert into funcionario (id_funcionario, id_departamento, id_estado_civil, id_funcionario_gerente, tx_nome, nb_salario, tx_login, tx_senha, dt_admissao, dt_nascimento) values (49, 5, 1, 49, 'Emilio', 3500, 'emi', '1212', '2011-08-02', '1980-08-26');
insert into funcionario (id_funcionario, id_departamento, id_estado_civil, id_funcionario_gerente, tx_nome, nb_salario, tx_login, tx_senha, dt_admissao, dt_nascimento) values (50, 5, 1, 50, 'Elson', 2000, 'elson', '321', '2011-07-15', '1983-09-24');
insert into funcionario (id_funcionario, id_departamento, id_estado_civil, id_funcionario_gerente, tx_nome, nb_salario, tx_login, tx_senha, dt_admissao, dt_nascimento) values (51, 6, 2, null, 'Fabio', 650, 'fbc', 'Botelho', '2011-03-21', '1999-10-01');
insert into funcionario (id_funcionario, id_departamento, id_estado_civil, id_funcionario_gerente, tx_nome, nb_salario, tx_login, tx_senha, dt_admissao, dt_nascimento) values (52, 6, 3, null, 'Fabricio', 750, 'bfc', 'Bote', '2011-04-22', '1990-10-01');
insert into funcionario (id_funcionario, id_departamento, id_estado_civil, id_funcionario_gerente, tx_nome, nb_salario, tx_login, tx_senha, dt_admissao, dt_nascimento) values (53, 6, 1, null, 'Fagner', 1150, 'fag', 'telho', '2010-03-21', '1998-10-01');
insert into funcionario (id_funcionario, id_departamento, id_estado_civil, id_funcionario_gerente, tx_nome, nb_salario, tx_login, tx_senha, dt_admissao, dt_nascimento) values (54, 6, 1, null, 'Felipe', 2650, '', 'lho', '2011-02-21', '1997-10-01');
insert into funcionario (id_funcionario, id_departamento, id_estado_civil, id_funcionario_gerente, tx_nome, nb_salario, tx_login, tx_senha, dt_admissao, dt_nascimento) values (55, 6, 3, null, 'Fabiana', 1250, 'fab', 'teho', '2010-12-21', '1989-10-01');
insert into funcionario (id_funcionario, id_departamento, id_estado_civil, id_funcionario_gerente, tx_nome, nb_salario, tx_login, tx_senha, dt_admissao, dt_nascimento) values (56, 6, 3, null, 'Fagna', 950, 'fed', 'root', '2000-10-21', '1979-08-01');
insert into funcionario (id_funcionario, id_departamento, id_estado_civil, id_funcionario_gerente, tx_nome, nb_salario, tx_login, tx_senha, dt_admissao, dt_nascimento) values (57, 6, 1, null, 'Franciele', 450, 'ftb', 'http', '2010-12-21', '1989-10-01');
insert into funcionario (id_funcionario, id_departamento, id_estado_civil, id_funcionario_gerente, tx_nome, nb_salario, tx_login, tx_senha, dt_admissao, dt_nascimento) values (58, 6, 2, null, 'Fabia', 1250, 'f2b', 'teho', '2010-12-21', '1989-10-01');
insert into funcionario (id_funcionario, id_departamento, id_estado_civil, id_funcionario_gerente, tx_nome, nb_salario, tx_login, tx_senha, dt_admissao, dt_nascimento) values (59, 6, 3, null, 'Francinei', 950, 'fatb', 'teho', '2010-12-21', '1989-10-01');
insert into funcionario (id_funcionario, id_departamento, id_estado_civil, id_funcionario_gerente, tx_nome, nb_salario, tx_login, tx_senha, dt_admissao, dt_nascimento) values (60, 6, 3, null, 'Francineia', 1250, 'fadsb', 'teho', '2010-12-21', '1989-10-01');
INSERT INTO funcionario (id_funcionario, id_departamento, id_estado_civil, id_funcionario_gerente, tx_nome, nb_salario, tx_login, tx_senha, dt_admissao, dt_nascimento) VALUES (61, 7, 1, 61, 'gabriel', 3000.00, 'gga', '123', '1989-12-12', '1965-12-03');
INSERT INTO funcionario (id_funcionario, id_departamento, id_estado_civil, id_funcionario_gerente, tx_nome, nb_salario, tx_login, tx_senha, dt_admissao, dt_nascimento) VALUES (62, 7, 3, 62, 'gabriela', 1000.00, 'gb', '3434', '2011-12-02', '1961-09-29');
INSERT INTO funcionario (id_funcionario, id_departamento, id_estado_civil, id_funcionario_gerente, tx_nome, nb_salario, tx_login, tx_senha, dt_admissao, dt_nascimento)VALUES (63, 7, 4, 63, 'gabi', 1700.00, 'gbi', '12', '2009-01-09', '1939-12-27');
INSERT INTO funcionario (id_funcionario, id_departamento, id_estado_civil, id_funcionario_gerente, tx_nome, nb_salario, tx_login, tx_senha, dt_admissao, dt_nascimento) VALUES (64, 7, 2, 64, 'jandi', 1600.00, 'gdi', 'dfvdf', '1999-12-31', '1972-12-12');
INSERT INTO funcionario (id_funcionario, id_departamento, id_estado_civil, id_funcionario_gerente, tx_nome, nb_salario, tx_login, tx_senha, dt_admissao, dt_nascimento) VALUES (65, 7, 1, 65, 'gaspar', 1900.00, 'gas', 'dfvsdf', '1989-07-23', '1969-05-11');
INSERT INTO funcionario (id_funcionario, id_departamento, id_estado_civil, id_funcionario_gerente, tx_nome, nb_salario, tx_login, tx_senha, dt_admissao, dt_nascimento) VALUES (66, 7, 2, 66, 'gerson', 1300.00, 'ger', 'dvvdf', '1989-05-30', '1963-03-19');
INSERT INTO funcionario (id_funcionario, id_departamento, id_estado_civil, id_funcionario_gerente, tx_nome, nb_salario, tx_login, tx_senha, dt_admissao, dt_nascimento) VALUES (67, 7, 3, 67, 'genesio', 3000.00, 'gen', 'dfsv', '1989-02-25', '1969-12-17');
INSERT INTO funcionario (id_funcionario, id_departamento, id_estado_civil, id_funcionario_gerente, tx_nome, nb_salario, tx_login, tx_senha, dt_admissao, dt_nascimento) VALUES (68, 7, 4, 68, 'george', 3400.00, 'geo', 'vddfv', '1978-09-09', '1915-02-21');
INSERT INTO funcionario (id_funcionario, id_departamento, id_estado_civil, id_funcionario_gerente, tx_nome, nb_salario, tx_login, tx_senha, dt_admissao, dt_nascimento) VALUES (69, 7, 1, 69, 'geraldo', 3300.00, 'gera', 'fdvdf', '1998-02-21', '1959-03-21');
INSERT INTO funcionario (id_funcionario, id_departamento, id_estado_civil, id_funcionario_gerente, tx_nome, nb_salario, tx_login, tx_senha, dt_admissao, dt_nascimento) VALUES (70, 7, 2, 70, 'giovani', 3700.00, 'gio', 'fvd', '2001-02-21', '1981-05-13');


/* 11 - Tabela: cliente */
insert into cliente (id_cliente, id_bairro, id_estado_civil, tx_nome, nb_renda_mensal, cs_sexo, cs_status) values (1, 1, 1, 'Rafael Bizi', 3500, 'M', 'A');
insert into cliente (id_cliente, id_bairro, id_estado_civil, tx_nome, nb_renda_mensal, cs_sexo, cs_status) values (2, 2, 3, 'Ronaldo Gaúcho', 85000, 'M', 'A');
insert into cliente (id_cliente, id_bairro, id_estado_civil, tx_nome, nb_renda_mensal, cs_sexo, cs_status) values (3, 3, 2, 'Magali', 870, 'F', 'D');
insert into cliente (id_cliente, id_bairro, id_estado_civil, tx_nome, nb_renda_mensal, cs_sexo, cs_status) values (4, 8, 1, 'Aristóteles', 655, 'M', 'A');
insert into cliente (id_cliente, id_bairro, id_estado_civil, tx_nome, nb_renda_mensal, cs_sexo, cs_status) values (5, 9, 1, 'Juliano Costa', 2900, 'M', 'A');
insert into cliente (id_cliente, id_bairro, id_estado_civil, tx_nome, nb_renda_mensal, cs_sexo, cs_status) values (6, 3, 4, 'Marcos Garrincha', 8700, 'M', 'D');
insert into cliente (id_cliente, id_bairro, id_estado_civil, tx_nome, nb_renda_mensal, cs_sexo, cs_status) values (7, 7, 2, 'Ygor Dias', 10500, 'M', 'D');
insert into cliente (id_cliente, id_bairro, id_estado_civil, tx_nome, nb_renda_mensal, cs_sexo, cs_status) values (8, 1, 4, 'Sabrina Sato', 50000, 'F', 'A');
insert into cliente (id_cliente, id_bairro, id_estado_civil, tx_nome, nb_renda_mensal, cs_sexo, cs_status) values (9, 1, 4, 'Oscar Souza', 7500, 'M', 'D');
insert into cliente (id_cliente, id_bairro, id_estado_civil, tx_nome, nb_renda_mensal, cs_sexo, cs_status) values (10, 1, 3, 'Joselito Silva', 5500, 'M', 'A');
insert into cliente (id_cliente, id_bairro, id_estado_civil, tx_nome, nb_renda_mensal, cs_sexo, cs_status) values (11, 11, 1, 'Osenias', 100, 'M', 'A');
insert into cliente (id_cliente, id_bairro, id_estado_civil, tx_nome, nb_renda_mensal, cs_sexo, cs_status) values (12, 12, 2, 'Levy', 200, 'M', 'A');
insert into cliente (id_cliente, id_bairro, id_estado_civil, tx_nome, nb_renda_mensal, cs_sexo, cs_status) values (13, 13, 3, 'Joao', 300, 'M', 'D');
insert into cliente (id_cliente, id_bairro, id_estado_civil, tx_nome, nb_renda_mensal, cs_sexo, cs_status) values (14, 14, 4, 'Gabriel', 400, 'M', 'A');
insert into cliente (id_cliente, id_bairro, id_estado_civil, tx_nome, nb_renda_mensal, cs_sexo, cs_status) values (15, 15, 4, 'Junior', 500, 'M', 'A');
insert into cliente (id_cliente, id_bairro, id_estado_civil, tx_nome, nb_renda_mensal, cs_sexo, cs_status) values (16, 16, 2, 'Marciel', 600, 'M', 'A');
insert into cliente (id_cliente, id_bairro, id_estado_civil, tx_nome, nb_renda_mensal, cs_sexo, cs_status) values (17, 17, 1, 'Oseias', 700, 'M', 'A');
insert into cliente (id_cliente, id_bairro, id_estado_civil, tx_nome, nb_renda_mensal, cs_sexo, cs_status) values (18, 18, 3, 'Luiz', 800, 'M', 'D');
insert into cliente (id_cliente, id_bairro, id_estado_civil, tx_nome, nb_renda_mensal, cs_sexo, cs_status) values (19, 19, 2, 'Jose', 900, 'M', 'D');
insert into cliente (id_cliente, id_bairro, id_estado_civil, tx_nome, nb_renda_mensal, cs_sexo, cs_status) values (20, 20, 1, 'Josenias', 1000, 'M', 'A');
insert into cliente (id_cliente, id_bairro, id_estado_civil, tx_nome, nb_renda_mensal, cs_sexo, cs_status) values (21, 20, 1, 'João Alvares', 1000, 'M', 'A');
insert into cliente (id_cliente, id_bairro, id_estado_civil, tx_nome, nb_renda_mensal, cs_sexo, cs_status) values (22, 4, 2, 'Corian Diego', 190, 'M', 'D');
insert into cliente (id_cliente, id_bairro, id_estado_civil, tx_nome, nb_renda_mensal, cs_sexo, cs_status) values (23, 23, 1, 'Ciro Gomes', 5000, 'M', 'A');
insert into cliente (id_cliente, id_bairro, id_estado_civil, tx_nome, nb_renda_mensal, cs_sexo, cs_status) values (24, 24, 3, 'Cristovam Cesar', 1000, 'M', 'A');
insert into cliente (id_cliente, id_bairro, id_estado_civil, tx_nome, nb_renda_mensal, cs_sexo, cs_status) values (25, 3, 1, 'Carla Araujo', 850, 'F', 'A');
insert into cliente (id_cliente, id_bairro, id_estado_civil, tx_nome, nb_renda_mensal, cs_sexo, cs_status) values (26, 24, 1, 'Camila Freitas', 1500, 'F', 'D');
insert into cliente (id_cliente, id_bairro, id_estado_civil, tx_nome, nb_renda_mensal, cs_sexo, cs_status) values (27, 26, 1, 'Cibele Samuel', 1100, 'F', 'A');
insert into cliente (id_cliente, id_bairro, id_estado_civil, tx_nome, nb_renda_mensal, cs_sexo, cs_status) values (28, 26, 3, 'Cintia Albuquerque', 2200, 'F', 'D');
insert into cliente (id_cliente, id_bairro, id_estado_civil, tx_nome, nb_renda_mensal, cs_sexo, cs_status) values (29, 27, 4, 'Carol Souza', 785, 'F', 'A');
insert into cliente (id_cliente, id_bairro, id_estado_civil, tx_nome, nb_renda_mensal, cs_sexo, cs_status) values (30, 25, 1, 'Camila Franklim', 1200, 'F', 'A');
insert into cliente (id_cliente, id_bairro, id_estado_civil, tx_nome, nb_renda_mensal, cs_sexo, cs_status) values (31, 31, 1, 'Denis Slva', 500, 'M', 'D');
insert into cliente (id_cliente, id_bairro, id_estado_civil, tx_nome, nb_renda_mensal, cs_sexo, cs_status) values (32, 32, 2, 'Dorval Vieira', 1000, 'M', 'A');
insert into cliente (id_cliente, id_bairro, id_estado_civil, tx_nome, nb_renda_mensal, cs_sexo, cs_status) values (33, 33, 3, 'Deize Fonseca', 600, 'F', 'D');
insert into cliente (id_cliente, id_bairro, id_estado_civil, tx_nome, nb_renda_mensal, cs_sexo, cs_status) values (34, 34, 4, 'Debora Martins', 500, 'F', 'A');
insert into cliente (id_cliente, id_bairro, id_estado_civil, tx_nome, nb_renda_mensal, cs_sexo, cs_status) values (35, 35, 1, 'Diego Silva', 400, 'M', 'D');
insert into cliente (id_cliente, id_bairro, id_estado_civil, tx_nome, nb_renda_mensal, cs_sexo, cs_status) values (36, 25, 2, 'Denise Romero', 800, 'F', 'A');
insert into cliente (id_cliente, id_bairro, id_estado_civil, tx_nome, nb_renda_mensal, cs_sexo, cs_status) values (37, 34, 3, 'Diogo Junior', 900, 'M', 'D');
insert into cliente (id_cliente, id_bairro, id_estado_civil, tx_nome, nb_renda_mensal, cs_sexo, cs_status) values (38, 38, 4, 'Denival Batista', 500, 'M', 'A');
insert into cliente (id_cliente, id_bairro, id_estado_civil, tx_nome, nb_renda_mensal, cs_sexo, cs_status) values (39, 39, 1, 'Dedé', 500, 'M', 'D');
insert into cliente (id_cliente, id_bairro, id_estado_civil, tx_nome, nb_renda_mensal, cs_sexo, cs_status) values (40, 40, 2, 'Dorival Junior', 500, 'M', 'D');
insert into cliente (id_cliente, id_bairro, id_estado_civil, tx_nome, nb_renda_mensal, cs_sexo, cs_status) values (41, 44, 2, 'Eduardo', 1000, 'M', 'A');
insert into cliente (id_cliente, id_bairro, id_estado_civil, tx_nome, nb_renda_mensal, cs_sexo, cs_status) values (42, 44, 2, 'Eli', 600, 'F', 'A');
insert into cliente (id_cliente, id_bairro, id_estado_civil, tx_nome, nb_renda_mensal, cs_sexo, cs_status) values (43, 44, 2, 'Eny', 3500, 'F', 'D');
insert into cliente (id_cliente, id_bairro, id_estado_civil, tx_nome, nb_renda_mensal, cs_sexo, cs_status) values (44, 44, 2, 'Edson', 2000, 'M', 'A');
insert into cliente (id_cliente, id_bairro, id_estado_civil, tx_nome, nb_renda_mensal, cs_sexo, cs_status) values (45, 44, 2, 'Edna', 1500, 'F', 'D');
insert into cliente (id_cliente, id_bairro, id_estado_civil, tx_nome, nb_renda_mensal, cs_sexo, cs_status) values (46, 44, 2, 'Ediane', 4000, 'F', 'D');
insert into cliente (id_cliente, id_bairro, id_estado_civil, tx_nome, nb_renda_mensal, cs_sexo, cs_status) values (47, 44, 2, 'Elton', 2500, 'M', 'D');
insert into cliente (id_cliente, id_bairro, id_estado_civil, tx_nome, nb_renda_mensal, cs_sexo, cs_status) values (48, 44, 2, 'Emersom', 1000, 'M', 'A');
insert into cliente (id_cliente, id_bairro, id_estado_civil, tx_nome, nb_renda_mensal, cs_sexo, cs_status) values (49, 44, 2, 'Enderson', 5000, 'M', 'A');
insert into cliente (id_cliente, id_bairro, id_estado_civil, tx_nome, nb_renda_mensal, cs_sexo, cs_status) values (50, 44, 2, 'Elias', 4500, 'M', 'D');
insert into cliente (id_cliente, id_bairro, id_estado_civil, tx_nome, nb_renda_mensal, cs_sexo, cs_status) values (51, 51, 1, 'joao', 1000, 'M', 'A');
insert into cliente (id_cliente, id_bairro, id_estado_civil, tx_nome, nb_renda_mensal, cs_sexo, cs_status) values (52, 52, 2, 'joana', 670, 'F', 'A');
insert into cliente (id_cliente, id_bairro, id_estado_civil, tx_nome, nb_renda_mensal, cs_sexo, cs_status) values (53, 53, 3, 'maria', 1100, 'F', 'A');
insert into cliente (id_cliente, id_bairro, id_estado_civil, tx_nome, nb_renda_mensal, cs_sexo, cs_status) values (54, 54, 4, 'mariana', 940, 'F', 'D');
insert into cliente (id_cliente, id_bairro, id_estado_civil, tx_nome, nb_renda_mensal, cs_sexo, cs_status) values (55, 55, 1, 'fabia', 890, 'F', 'A');
insert into cliente (id_cliente, id_bairro, id_estado_civil, tx_nome, nb_renda_mensal, cs_sexo, cs_status) values (56, 56, 3, 'fabiana', 740, 'F', 'D');
insert into cliente (id_cliente, id_bairro, id_estado_civil, tx_nome, nb_renda_mensal, cs_sexo, cs_status) values (57, 57, 4, 'pedro', 560, 'M', 'D');
insert into cliente (id_cliente, id_bairro, id_estado_civil, tx_nome, nb_renda_mensal, cs_sexo, cs_status) values (58, 58, 2, 'paula', 1300, 'F', 'A');
insert into cliente (id_cliente, id_bairro, id_estado_civil, tx_nome, nb_renda_mensal, cs_sexo, cs_status) values (59, 59, 3, 'paulo', 1600, 'M', 'D');
insert into cliente (id_cliente, id_bairro, id_estado_civil, tx_nome, nb_renda_mensal, cs_sexo, cs_status) values (60, 60, 1, 'ana', 1000, 'F', 'A');
insert into cliente (id_cliente, id_bairro, id_estado_civil, tx_nome, nb_renda_mensal, cs_sexo, cs_status) values (61, 62, 1, 'Monica', 12345.0, 'F', 'A');
insert into cliente (id_cliente, id_bairro, id_estado_civil, tx_nome, nb_renda_mensal, cs_sexo, cs_status) values (62, 61, 3, 'Antenor', 3247.0, 'M', 'A');
insert into cliente (id_cliente, id_bairro, id_estado_civil, tx_nome, nb_renda_mensal, cs_sexo, cs_status) values (63, 63, 2, 'Marcio', 1225.0, 'M', 'D');
insert into cliente (id_cliente, id_bairro, id_estado_civil, tx_nome, nb_renda_mensal, cs_sexo, cs_status) values (64, 64, 4, 'Vitória', 2500.0, 'F', 'A');
insert into cliente (id_cliente, id_bairro, id_estado_civil, tx_nome, nb_renda_mensal, cs_sexo, cs_status) values (65, 65, 3, 'Francisco', 1009.0, 'M', 'A');
insert into cliente (id_cliente, id_bairro, id_estado_civil, tx_nome, nb_renda_mensal, cs_sexo, cs_status) values (66, 66, 1, 'Wudyson', 12995.0, 'M', 'D');
insert into cliente (id_cliente, id_bairro, id_estado_civil, tx_nome, nb_renda_mensal, cs_sexo, cs_status) values (67, 67, 2, 'Naldiane', 3900.0, 'F', 'D');
insert into cliente (id_cliente, id_bairro, id_estado_civil, tx_nome, nb_renda_mensal, cs_sexo, cs_status) values (68, 68, 3, 'Juliana', 1555.0, 'F', 'A');
insert into cliente (id_cliente, id_bairro, id_estado_civil, tx_nome, nb_renda_mensal, cs_sexo, cs_status) values (69, 69, 4, 'Renata', 19945.0, 'F', 'A');
insert into cliente (id_cliente, id_bairro, id_estado_civil, tx_nome, nb_renda_mensal, cs_sexo, cs_status) values (70, 70, 3, 'Valdir', 8795.0, 'F', 'A');

/* 12 - Tabela: filial */
insert into filial (id_filial, id_bairro, tx_nome) values (1, 1, 'Carrefour filho');
insert into filial (id_filial, id_bairro, tx_nome) values (2, 11, 'Terra da Amazonia');
insert into filial (id_filial, id_bairro, tx_nome) values (3, 23, 'COR & FORMA SP');
insert into filial (id_filial, id_bairro, tx_nome) values (4, 31, 'Distribuidora 2 Irmãos');
insert into filial (id_filial, id_bairro, tx_nome) values (5, 44, 'Souza Filial Ltda');
insert into filial (id_filial, id_bairro, tx_nome) values (6, 53, 'Samsung');
insert into filial (id_filial, id_bairro, tx_nome) values (7, 61, 'Armazem do Ceara');

/* 13 - Tabela: venda*/
insert into venda (id_venda, id_filial, id_cliente, dt_venda) values (1, 1, 1, '2011-01-05 09:00:00');
insert into venda (id_venda, id_filial, id_cliente, dt_venda) values (2, 1, 2, '2011-03-20 15:05:00');
insert into venda (id_venda, id_filial, id_cliente, dt_venda) values (3, 1, 3, '2011-10-28 10:03:00');
insert into venda (id_venda, id_filial, id_cliente, dt_venda) values (4, 1, 8, '2011-11-17 13:30:00');
insert into venda (id_venda, id_filial, id_cliente, dt_venda) values (5, 1, 10, '2011-12-01 16:10:00');
insert into venda (id_venda, id_filial, id_cliente, dt_venda) values (6, 2, 11, '2011-08-07 10:00:00');
insert into venda (id_venda, id_filial, id_cliente, dt_venda) values (7, 2, 12, '2011-09-10 10:00:00');
insert into venda (id_venda, id_filial, id_cliente, dt_venda) values (8, 2, 13, '2011-02-11 10:00:00');
insert into venda (id_venda, id_filial, id_cliente, dt_venda) values (9, 2, 14, '2011-05-07 10:00:00');
insert into venda (id_venda, id_filial, id_cliente, dt_venda) values (10, 2, 15, '2011-04-09 10:00:00');
insert into venda (id_venda, id_filial, id_cliente, dt_venda) values (11, 3, 21, '2011-02-05 10:15:01');
insert into venda (id_venda, id_filial, id_cliente, dt_venda) values (12, 3, 22, '2011-04-06 13:20:00');
insert into venda (id_venda, id_filial, id_cliente, dt_venda) values (13, 3, 23, '2011-02-05 10:15:01');
insert into venda (id_venda, id_filial, id_cliente, dt_venda) values (14, 3, 21, '2011-04-08 09:25:01');
insert into venda (id_venda, id_filial, id_cliente, dt_venda) values (15, 3, 21, '2011-02-11 16:15:00');
insert into venda (id_venda, id_filial, id_cliente, dt_venda) values (16, 4, 31, '2011-01-01 08:01:00');
insert into venda (id_venda, id_filial, id_cliente, dt_venda) values (17, 4, 32, '2011-02-01 10:55:00');
insert into venda (id_venda, id_filial, id_cliente, dt_venda) values (18, 4, 33, '2011-03-01 11:50:00');
insert into venda (id_venda, id_filial, id_cliente, dt_venda) values (19, 4, 34, '2011-04-01 12:01:00');
insert into venda (id_venda, id_filial, id_cliente, dt_venda) values (20, 4, 35, '2011-10-01 14:10:00');
insert into venda (id_venda, id_filial, id_cliente, dt_venda) values (21, 5, 41, '2011-05-10 18:19:21-01');
insert into venda (id_venda, id_filial, id_cliente, dt_venda) values (22, 5, 42, '2011-06-11 19:19:21-01');
insert into venda (id_venda, id_filial, id_cliente, dt_venda) values (23, 5, 43, '2011-07-12 20:19:21-01');
insert into venda (id_venda, id_filial, id_cliente, dt_venda) values (24, 5, 44, '2011-08-13 21:19:21-01');
insert into venda (id_venda, id_filial, id_cliente, dt_venda) values (25, 5, 45, '2011-09-14 21:19:21-01');
insert into venda (id_venda, id_filial, id_cliente, dt_venda) values (26, 6, 60, '2011-11-23 12:10:07');
insert into venda (id_venda, id_filial, id_cliente, dt_venda) values (27, 3, 59, '2010-06-10 13:20:07');
insert into venda (id_venda, id_filial, id_cliente, dt_venda) values (28, 4, 58, '2009-04-15 14:30:23');
insert into venda (id_venda, id_filial, id_cliente, dt_venda) values (29, 1, 57, '2008-05-16 15:40:50');
insert into venda (id_venda, id_filial, id_cliente, dt_venda) values (30, 6, 56, '2011-09-19 16:50:40');
insert into venda (id_venda, id_filial, id_cliente, dt_venda) values (31, 7, 61, '2011/05/04 8:35');
insert into venda (id_venda, id_filial, id_cliente, dt_venda) values (32, 7, 62, '2011/08/03 9:25 ');
insert into venda (id_venda, id_filial, id_cliente, dt_venda) values (33, 7, 63, '2011/08/05 11:10 ');
insert into venda (id_venda, id_filial, id_cliente, dt_venda) values (34, 7, 64, '2011/08/09 9:20 ');
insert into venda (id_venda, id_filial, id_cliente, dt_venda) values (35, 7, 65, '2011/08/10 6:0 ');


/* 14 - Tabela: item_venda*/
insert into item_venda (id_item_venda, id_venda, id_produto, nb_quantidade) values (1, 1, 1, 200);
insert into item_venda (id_item_venda, id_venda, id_produto, nb_quantidade) values (2, 2, 2, 500);
insert into item_venda (id_item_venda, id_venda, id_produto, nb_quantidade) values (3, 3, 3, 1.500);
insert into item_venda (id_item_venda, id_venda, id_produto, nb_quantidade) values (4, 4, 3, 1.200);
insert into item_venda (id_item_venda, id_venda, id_produto, nb_quantidade) values (5, 5, 5, 300);
insert into item_venda (id_item_venda, id_venda, id_produto, nb_quantidade) values (6, 1, 6, 400);
insert into item_venda (id_item_venda, id_venda, id_produto, nb_quantidade) values (7, 2, 7, 110);
insert into item_venda (id_item_venda, id_venda, id_produto, nb_quantidade) values (8, 3, 8, 1.200);
insert into item_venda (id_item_venda, id_venda, id_produto, nb_quantidade) values (9, 4, 9, 200);
insert into item_venda (id_item_venda, id_venda, id_produto, nb_quantidade) values (10, 5, 10, 600);
insert into item_venda (id_item_venda, id_venda, id_produto, nb_quantidade) values (11, 1, 1, 800);
insert into item_venda (id_item_venda, id_venda, id_produto, nb_quantidade) values (12, 2, 2, 900);
insert into item_venda (id_item_venda, id_venda, id_produto, nb_quantidade) values (13, 3, 3, 1.200);
insert into item_venda (id_item_venda, id_venda, id_produto, nb_quantidade) values (14, 4, 4, 2);
insert into item_venda (id_item_venda, id_venda, id_produto, nb_quantidade) values (15, 5, 5, 3);
insert into item_venda (id_item_venda, id_venda, id_produto, nb_quantidade) values (16, 1, 6, 2);
insert into item_venda (id_item_venda, id_venda, id_produto, nb_quantidade) values (17, 2, 7, 1);
insert into item_venda (id_item_venda, id_venda, id_produto, nb_quantidade) values (18, 3, 8, 5);
insert into item_venda (id_item_venda, id_venda, id_produto, nb_quantidade) values (19, 4, 9, 7);
insert into item_venda (id_item_venda, id_venda, id_produto, nb_quantidade) values (20, 5, 10, 2);
insert into item_venda (id_item_venda, id_venda, id_produto, nb_quantidade) values (21, 1, 1, 3);
insert into item_venda (id_item_venda, id_venda, id_produto, nb_quantidade) values (22, 2, 2, 2);
insert into item_venda (id_item_venda, id_venda, id_produto, nb_quantidade) values (23, 3, 3, 4);
insert into item_venda (id_item_venda, id_venda, id_produto, nb_quantidade) values (24, 4, 4, 5);
insert into item_venda (id_item_venda, id_venda, id_produto, nb_quantidade) values (25, 5, 5, 8);
insert into item_venda (id_item_venda, id_venda, id_produto, nb_quantidade) values (26, 6, 11, 16);
insert into item_venda (id_item_venda, id_venda, id_produto, nb_quantidade) values (27, 6, 11, 16);
insert into item_venda (id_item_venda, id_venda, id_produto, nb_quantidade) values (28, 6, 11, 16);
insert into item_venda (id_item_venda, id_venda, id_produto, nb_quantidade) values (29, 6, 11, 16);
insert into item_venda (id_item_venda, id_venda, id_produto, nb_quantidade) values (30, 6, 11, 16);
insert into item_venda (id_item_venda, id_venda, id_produto, nb_quantidade) values (31, 7, 11, 16);
insert into item_venda (id_item_venda, id_venda, id_produto, nb_quantidade) values (32, 7, 11, 16);
insert into item_venda (id_item_venda, id_venda, id_produto, nb_quantidade) values (33, 7, 11, 16);
insert into item_venda (id_item_venda, id_venda, id_produto, nb_quantidade) values (34, 7, 11, 16);
insert into item_venda (id_item_venda, id_venda, id_produto, nb_quantidade) values (35, 7, 11, 16);
insert into item_venda (id_item_venda, id_venda, id_produto, nb_quantidade) values (25, 8, 11, 16);
insert into item_venda (id_item_venda, id_venda, id_produto, nb_quantidade) values (34, 8, 11, 16);
insert into item_venda (id_item_venda, id_venda, id_produto, nb_quantidade) values (38, 8, 11, 16);
insert into item_venda (id_item_venda, id_venda, id_produto, nb_quantidade) values (39, 8, 11, 16);
insert into item_venda (id_item_venda, id_venda, id_produto, nb_quantidade) values (40, 8, 11, 16);
insert into item_venda (id_item_venda, id_venda, id_produto, nb_quantidade) values (41, 9, 11, 16);
insert into item_venda (id_item_venda, id_venda, id_produto, nb_quantidade) values (42, 9, 11, 16);
insert into item_venda (id_item_venda, id_venda, id_produto, nb_quantidade) values (43, 9, 11, 16);
insert into item_venda (id_item_venda, id_venda, id_produto, nb_quantidade) values (44, 9, 11, 16);
insert into item_venda (id_item_venda, id_venda, id_produto, nb_quantidade) values (45, 9, 11, 16);
insert into item_venda (id_item_venda, id_venda, id_produto, nb_quantidade) values (46, 10, 11, 16);
insert into item_venda (id_item_venda, id_venda, id_produto, nb_quantidade) values (47, 10, 11, 16);
insert into item_venda (id_item_venda, id_venda, id_produto, nb_quantidade) values (48, 10, 11, 16);
insert into item_venda (id_item_venda, id_venda, id_produto, nb_quantidade) values (49, 10, 11, 16);
insert into item_venda (id_item_venda, id_venda, id_produto, nb_quantidade) values (50, 10, 11, 16);
insert into item_venda (id_item_venda, id_venda, id_produto, nb_quantidade) values (51, 11, 21, 10);
insert into item_venda (id_item_venda, id_venda, id_produto, nb_quantidade) values (52, 12, 22, 30);
insert into item_venda (id_item_venda, id_venda, id_produto, nb_quantidade) values (53, 13, 23, 1);
insert into item_venda (id_item_venda, id_venda, id_produto, nb_quantidade) values (54, 14, 24, 6);
insert into item_venda (id_item_venda, id_venda, id_produto, nb_quantidade) values (55, 15, 25, 15);
insert into item_venda (id_item_venda, id_venda, id_produto, nb_quantidade) values (56, 12, 26, 21);
insert into item_venda (id_item_venda, id_venda, id_produto, nb_quantidade) values (57, 14, 27, 5);
insert into item_venda (id_item_venda, id_venda, id_produto, nb_quantidade) values (58, 14, 28, 17);
insert into item_venda (id_item_venda, id_venda, id_produto, nb_quantidade) values (59, 13, 29, 30);
insert into item_venda (id_item_venda, id_venda, id_produto, nb_quantidade) values (60, 11, 30, 12);
insert into item_venda (id_item_venda, id_venda, id_produto, nb_quantidade) values (61, 15, 22, 20);
insert into item_venda (id_item_venda, id_venda, id_produto, nb_quantidade) values (62, 13, 23, 45);
insert into item_venda (id_item_venda, id_venda, id_produto, nb_quantidade) values (63, 15, 26, 80);
insert into item_venda (id_item_venda, id_venda, id_produto, nb_quantidade) values (64, 13, 27, 100);
insert into item_venda (id_item_venda, id_venda, id_produto, nb_quantidade) values (65, 14, 23, 20);
insert into item_venda (id_item_venda, id_venda, id_produto, nb_quantidade) values (66, 12, 23, 200);
insert into item_venda (id_item_venda, id_venda, id_produto, nb_quantidade) values (67, 13, 30, 22);
insert into item_venda (id_item_venda, id_venda, id_produto, nb_quantidade) values (68, 15, 26, 123);
insert into item_venda (id_item_venda, id_venda, id_produto, nb_quantidade) values (69, 13, 23, 90);
insert into item_venda (id_item_venda, id_venda, id_produto, nb_quantidade) values (70, 11, 28, 1000);
insert into item_venda (id_item_venda, id_venda, id_produto, nb_quantidade) values (71, 13, 23, 356);
insert into item_venda (id_item_venda, id_venda, id_produto, nb_quantidade) values (72, 15, 22, 65);
insert into item_venda (id_item_venda, id_venda, id_produto, nb_quantidade) values (73, 13, 23, 2000);
insert into item_venda (id_item_venda, id_venda, id_produto, nb_quantidade) values (74, 13, 29, 300);
insert into item_venda (id_item_venda, id_venda, id_produto, nb_quantidade) values (75, 14, 23, 55);
insert into item_venda (id_item_venda, id_venda, id_produto, nb_quantidade) values (76, 16, 31, 1);
insert into item_venda (id_item_venda, id_venda, id_produto, nb_quantidade) values (77, 16, 31, 1);
insert into item_venda (id_item_venda, id_venda, id_produto, nb_quantidade) values (78, 16, 31, 1);
insert into item_venda (id_item_venda, id_venda, id_produto, nb_quantidade) values (79, 16, 31, 1);
insert into item_venda (id_item_venda, id_venda, id_produto, nb_quantidade) values (80, 16, 31, 1);
insert into item_venda (id_item_venda, id_venda, id_produto, nb_quantidade) values (81, 16, 31, 1);
insert into item_venda (id_item_venda, id_venda, id_produto, nb_quantidade) values (82, 16, 31, 1);
insert into item_venda (id_item_venda, id_venda, id_produto, nb_quantidade) values (83, 16, 31, 1);
insert into item_venda (id_item_venda, id_venda, id_produto, nb_quantidade) values (84, 16, 31, 1);
insert into item_venda (id_item_venda, id_venda, id_produto, nb_quantidade) values (85, 16, 31, 1);
insert into item_venda (id_item_venda, id_venda, id_produto, nb_quantidade) values (86, 16, 31, 1);
insert into item_venda (id_item_venda, id_venda, id_produto, nb_quantidade) values (87, 16, 31, 1);
insert into item_venda (id_item_venda, id_venda, id_produto, nb_quantidade) values (88, 16, 31, 1);
insert into item_venda (id_item_venda, id_venda, id_produto, nb_quantidade) values (89, 16, 31, 1);
insert into item_venda (id_item_venda, id_venda, id_produto, nb_quantidade) values (90, 16, 31, 1);
insert into item_venda (id_item_venda, id_venda, id_produto, nb_quantidade) values (91, 16, 31, 1);
insert into item_venda (id_item_venda, id_venda, id_produto, nb_quantidade) values (92, 16, 31, 1);
insert into item_venda (id_item_venda, id_venda, id_produto, nb_quantidade) values (93, 16, 31, 1);
insert into item_venda (id_item_venda, id_venda, id_produto, nb_quantidade) values (94, 16, 31, 1);
insert into item_venda (id_item_venda, id_venda, id_produto, nb_quantidade) values (95, 16, 31, 1);
insert into item_venda (id_item_venda, id_venda, id_produto, nb_quantidade) values (96, 16, 31, 1);
insert into item_venda (id_item_venda, id_venda, id_produto, nb_quantidade) values (97, 16, 31, 1);
insert into item_venda (id_item_venda, id_venda, id_produto, nb_quantidade) values (98, 16, 31, 1);
insert into item_venda (id_item_venda, id_venda, id_produto, nb_quantidade) values (99, 16, 31, 1);
insert into item_venda (id_item_venda, id_venda, id_produto, nb_quantidade) values (100, 16, 31, 1);
insert into item_venda (id_item_venda, id_venda, id_produto, nb_quantidade) values (101, 21, 41, 1);
insert into item_venda (id_item_venda, id_venda, id_produto, nb_quantidade) values (102, 21, 42, 1);
insert into item_venda (id_item_venda, id_venda, id_produto, nb_quantidade) values (103, 21, 43, 1);
insert into item_venda (id_item_venda, id_venda, id_produto, nb_quantidade) values (104, 21, 44, 1);
insert into item_venda (id_item_venda, id_venda, id_produto, nb_quantidade) values (105, 21, 45, 1);
insert into item_venda (id_item_venda, id_venda, id_produto, nb_quantidade) values (106, 23, 46, 1);
insert into item_venda (id_item_venda, id_venda, id_produto, nb_quantidade) values (107, 23, 47, 1);
insert into item_venda (id_item_venda, id_venda, id_produto, nb_quantidade) values (108, 23, 48, 1);
insert into item_venda (id_item_venda, id_venda, id_produto, nb_quantidade) values (109, 23, 49, 1);
insert into item_venda (id_item_venda, id_venda, id_produto, nb_quantidade) values (110, 23, 50, 1);
insert into item_venda (id_item_venda, id_venda, id_produto, nb_quantidade) values (111, 25, 41, 1);
insert into item_venda (id_item_venda, id_venda, id_produto, nb_quantidade) values (112, 25, 42, 1);
insert into item_venda (id_item_venda, id_venda, id_produto, nb_quantidade) values (113, 25, 43, 1);
insert into item_venda (id_item_venda, id_venda, id_produto, nb_quantidade) values (114, 25, 44, 1);
insert into item_venda (id_item_venda, id_venda, id_produto, nb_quantidade) values (115, 25, 45, 1);
insert into item_venda (id_item_venda, id_venda, id_produto, nb_quantidade) values (116, 22, 46, 1);
insert into item_venda (id_item_venda, id_venda, id_produto, nb_quantidade) values (117, 22, 47, 1);
insert into item_venda (id_item_venda, id_venda, id_produto, nb_quantidade) values (118, 22, 48, 1);
insert into item_venda (id_item_venda, id_venda, id_produto, nb_quantidade) values (119, 22, 49, 1);
insert into item_venda (id_item_venda, id_venda, id_produto, nb_quantidade) values (120, 22, 50, 1);
insert into item_venda (id_item_venda, id_venda, id_produto, nb_quantidade) values (121, 24, 41, 1);
insert into item_venda (id_item_venda, id_venda, id_produto, nb_quantidade) values (122, 24, 42, 1);
insert into item_venda (id_item_venda, id_venda, id_produto, nb_quantidade) values (123, 24, 43, 1);
insert into item_venda (id_item_venda, id_venda, id_produto, nb_quantidade) values (124, 24, 44, 1);
insert into item_venda (id_item_venda, id_venda, id_produto, nb_quantidade) values (125, 24, 45, 1);
insert into item_venda (id_item_venda, id_venda, id_produto, nb_quantidade) values (126, 26, 24, 200);
insert into item_venda (id_item_venda, id_venda, id_produto, nb_quantidade) values (127, 27, 35, 500);
insert into item_venda (id_item_venda, id_venda, id_produto, nb_quantidade) values (128, 28, 25, 600);
insert into item_venda (id_item_venda, id_venda, id_produto, nb_quantidade) values (129, 29, 43, 900);
insert into item_venda (id_item_venda, id_venda, id_produto, nb_quantidade) values (130, 30, 23, 100);
insert into item_venda (id_item_venda, id_venda, id_produto, nb_quantidade) values (131, 31, 12, 50);
insert into item_venda (id_item_venda, id_venda, id_produto, nb_quantidade) values (132, 32, 27, 50);
insert into item_venda (id_item_venda, id_venda, id_produto, nb_quantidade) values (133, 33, 53, 90);
insert into item_venda (id_item_venda, id_venda, id_produto, nb_quantidade) values (134, 34, 35, 30);
insert into item_venda (id_item_venda, id_venda, id_produto, nb_quantidade) values (135, 35, 56, 150);
insert into item_venda (id_item_venda, id_venda, id_produto, nb_quantidade) values (136, 25, 32, 220);
insert into item_venda (id_item_venda, id_venda, id_produto, nb_quantidade) values (137, 34, 44, 450);
insert into item_venda (id_item_venda, id_venda, id_produto, nb_quantidade) values (138, 34, 43, 10);
insert into item_venda (id_item_venda, id_venda, id_produto, nb_quantidade) values (139, 34, 23, 50);
insert into item_venda (id_item_venda, id_venda, id_produto, nb_quantidade) values (140, 1, 1, 30);
insert into item_venda (id_item_venda, id_venda, id_produto, nb_quantidade) values (141, 12, 11, 60);
insert into item_venda (id_item_venda, id_venda, id_produto, nb_quantidade) values (142, 11, 4, 80);
insert into item_venda (id_item_venda, id_venda, id_produto, nb_quantidade) values (143, 10, 5, 10);
insert into item_venda (id_item_venda, id_venda, id_produto, nb_quantidade) values (144, 9, 9, 20);
insert into item_venda (id_item_venda, id_venda, id_produto, nb_quantidade) values (145, 8, 12, 20);
insert into item_venda (id_item_venda, id_venda, id_produto, nb_quantidade) values (146, 23, 33, 100);
insert into item_venda (id_item_venda, id_venda, id_produto, nb_quantidade) values (147, 1, 38, 600);
insert into item_venda (id_item_venda, id_venda, id_produto, nb_quantidade) values (148, 34, 51, 500);
insert into item_venda (id_item_venda, id_venda, id_produto, nb_quantidade) values (149, 23, 59, 400);
insert into item_venda (id_item_venda, id_venda, id_produto, nb_quantidade) values (150, 32, 52, 300);
insert into item_venda (id_item_venda, id_venda, id_produto, nb_quantidade) values (151, 31, 61, 34);
insert into item_venda (id_item_venda, id_venda, id_produto, nb_quantidade) values (152, 32, 62, 67);
insert into item_venda (id_item_venda, id_venda, id_produto, nb_quantidade) values (153, 33, 63, 23);
insert into item_venda (id_item_venda, id_venda, id_produto, nb_quantidade) values (154, 34, 64, 13);
insert into item_venda (id_item_venda, id_venda, id_produto, nb_quantidade) values (155, 35, 65, 1);
insert into item_venda (id_item_venda, id_venda, id_produto, nb_quantidade) values (156, 25, 66, 29);
insert into item_venda (id_item_venda, id_venda, id_produto, nb_quantidade) values (157, 34, 67, 15);
insert into item_venda (id_item_venda, id_venda, id_produto, nb_quantidade) values (158, 31, 68, 27);
insert into item_venda (id_item_venda, id_venda, id_produto, nb_quantidade) values (159, 32, 69, 21);
insert into item_venda (id_item_venda, id_venda, id_produto, nb_quantidade) values (160, 33, 70, 22);
insert into item_venda (id_item_venda, id_venda, id_produto, nb_quantidade) values (161, 31, 61, 17);
insert into item_venda (id_item_venda, id_venda, id_produto, nb_quantidade) values (162, 32, 63, 23);
insert into item_venda (id_item_venda, id_venda, id_produto, nb_quantidade) values (163, 33, 65, 14);
insert into item_venda (id_item_venda, id_venda, id_produto, nb_quantidade) values (164, 34, 64, 10);
insert into item_venda (id_item_venda, id_venda, id_produto, nb_quantidade) values (165, 35, 65, 19);
insert into item_venda (id_item_venda, id_venda, id_produto, nb_quantidade) values (166, 25, 66, 18);
insert into item_venda (id_item_venda, id_venda, id_produto, nb_quantidade) values (167, 34, 67, 17);
insert into item_venda (id_item_venda, id_venda, id_produto, nb_quantidade) values (168, 31, 68, 6);
insert into item_venda (id_item_venda, id_venda, id_produto, nb_quantidade) values (169, 33, 70, 15);
insert into item_venda (id_item_venda, id_venda, id_produto, nb_quantidade) values (170, 32, 61, 32);
insert into item_venda (id_item_venda, id_venda, id_produto, nb_quantidade) values (171, 33, 62, 4);
insert into item_venda (id_item_venda, id_venda, id_produto, nb_quantidade) values (172, 34, 63, 11);
insert into item_venda (id_item_venda, id_venda, id_produto, nb_quantidade) values (173, 35, 64, 23);
insert into item_venda (id_item_venda, id_venda, id_produto, nb_quantidade) values (174, 25, 65, 12);
insert into item_venda (id_item_venda, id_venda, id_produto, nb_quantidade) values (175, 34, 67, 10);


ALTER TABLE venda
ADD COLUMN id_funcionario INTEGER NULL;

UPDATE venda SET id_funcionario = 1
WHERE id_venda BETWEEN 1 AND 5;

UPDATE venda SET id_funcionario = 2
WHERE id_venda BETWEEN 6 AND 10;

UPDATE venda SET id_funcionario = 3
WHERE id_venda BETWEEN 11 AND 15;

UPDATE venda SET id_funcionario = 4
WHERE id_venda BETWEEN 16 AND 20;

UPDATE venda SET id_funcionario = 5
WHERE id_venda BETWEEN 21 AND 25;

UPDATE venda SET id_funcionario = 6
WHERE id_venda BETWEEN 26 AND 30;

UPDATE venda SET id_funcionario = 7
WHERE id_venda BETWEEN 31 AND 35;

alter table venda
add constraint fk_venda_funcionario foreign key (id_funcionario)
references funcionario (id_funcionario);

alter table venda
alter column id_funcionario set not null; 
